name,gender_guess,label
"Abbot, Francis Ellingwood",male,NA
"Abbott, Edward",male,NA
"Abbott, Lyman",male,NA
"Adam, William",male,NA
"Adams, Charles P.",male,NA
"Adams, F. G.",male,NA
"Adams, Henry",male,NA
"Adams, John Quincy",male,NA
Addie,female,NA
"Aguilera, Francisco V.",male,NA
"Albee, O. W.",male,NA
"Albright, Arthur",male,NA
"Albright, Rachel A.",female,NA
"Alcott, Abba May",female,NA
"Alden, Seth",male,NA
"Aldrich, J. M.",male,NA
"Allen, Annie",female,NA
"Allen, Charles",male,NA
"Allen, D. M.",male,NA
"Allen, Ephraim W.",male,NA
"Allen, Jacob H.",male,NA
"Allen, Macon B.",male,NA
"Allen, Nathaniel T.",male,NA
"Allen, Otis",male,NA
"Allen, Richard",male,NA
"Allen, Stafford",male,NA
"Allen, William G.",male,NA
"Alset, George M.",male,NA
"Ames, Charles Gordon",male,NA
"Ammidon, Angelina.",female,NA
"Ammidon, Sylvia Ann.",female,NA
"Amos, J.",male,NA
"Andrew, John A.",male,NA
"Andrews, John.",male,NA
"Andrews, Stephen Pearl",male,NA
"Anthony, John Gould",male,NA
"Anthony, Susan B.",female,NA
"Antoine, Caesar Carpentier",male,NA
"Appleton, Daniel Fuller",male,NA
Appomattox,NA,NA
"Argyll, Elizabeth Georgiana Campbell",female,NA
"Armistead, Wilson",male,NA
"Armstrong, Frances.",female,NA
"Armstrong, George",male,NA
"Arnold, Elizabeth Rotch",female,NA
"Arnold, Isaac Newton",male,NA
"Arnold, Sarah Rotch.",female,NA
"Arnoth, G. U.",male,NA
"Arthington, Robert.",male,NA
"Ashby, Jane.",female,NA
"Ashley, James Mitchell",male,NA
"Ashley, Thomas.",male,NA
"Ashley, William.",male,NA
"Ashmead, L. P.",male,NA
"Ashurst, W. H.",male,NA
"Ashurst, William Henry.",male,NA
"Assing, Ottilie.",female,NA
"Atkinson, Edward",male,NA
"Atkinson, William P.",male,NA
"Babcock, Amory L.",male,NA
"Babcock, William Gustavus",male,NA
"Bacon, George Allen",male,NA
"Bacon, Steuben T.",NA,NA
"Badger, Henry C.",male,NA
"Bailey, John",male,NA
"Bailey, William Shreve",male,NA
"Baker, Edward L.",male,NA
"Ball, Lucy M.",female,NA
"Ballou, Adin",male,NA
"Bancroft, Aaron",male,NA
"Banks, Frederick Charles.",male,NA
"Banks, Nathaniel Prentiss",male,NA
"Barbour, John N.",male,NA
"Barker, Joseph",male,NA
"Barker, Thomas H.",male,NA
"Barlow, Hablo.",NA,NA
"Barnaby, James.",male,NA
"Barnes, Albert",male,NA
"Barnet, James.",male,NA
"Barney, Nathaniel.",male,NA
"Barrett, Samuel.",male,NA
"Bartlett, E. H.",female,NA
"Bartol, C. A.",male,NA
"Battles, A.",male,NA
"Beard, J. R.",male,NA
"Bearse, Austin.",male,NA
"Beattie, Robert.",male,NA
"Beaufoy, Henry",male,NA
"Becker, Lydia",female,NA
"Beecher, Henry Ward",male,NA
"Belcher, Edwin",male,NA
"Benedict, Seth Williston",male,NA
"Benezet, Anthony",male,NA
"Benson, George William",male,NA
"Benson, Henry Egbert",male,NA
"Bent, N. T.",male,NA
"Berlioux, Etienne Félix",male,NA
"Berry, M. E.",female,NA
"Bevan, Hannah M.",female,NA
"Biggs, E. Ashurst.",female,NA
"Biggs, Matilda Ashurst.",female,NA
"Bird, F. W.",male,NA
"Bird, Jerusha L.",female,NA
"Bird, S.",female,NA
"Bird, S. V.",female,NA
"Birney, James Gillespie",male,NA
"Birney, John.",male,NA
"Bishop, Francis",male,NA
"Blackwell, Antoinette Louisa Brown",female,NA
"Blackwell, Henry Browne",male,NA
"Blair, Montgomery",male,NA
"Blanchard, George A.",male,NA
"Bleby, Henry",male,NA
"Blinn, Henry Clay",male,NA
"Blumer, John George.",male,NA
"Boker, George H.",male,NA
"Bomen, John W.",male,NA
"Bond, Hugh L.",male,NA
"Borchardt, Louis",male,NA
"Borchardt, M.",female,NA
"Borden, Nathaniel B.",male,NA
"Bourne, Theodore",male,NA
"Bowden, William J.",male,NA
"Bowditch, Henry I.",male,NA
"Bowditch, Jonathan Ingersoll",male,NA
"Bowditch, William I.",male,NA
"Bowe, Obadiah Allen",male,NA
"Bowles, Samuel",male,NA
"Bowring, John",male,NA
"Boyce, Eliza.",female,NA
"Boyle, James.",male,NA
"Bradburn, George",male,NA
"Bradford, Charlotte.",female,NA
"Bradford, Claudius.",male,NA
"Brady, Mary.",female,NA
"Brainard, Charles H.",male,NA
"Bramhall, Ann Rebecca.",female,NA
"Bramhall, Cornelius.",male,NA
"Bratton, E. E.",female,NA
"Brigham, Charles",male,NA
"Bright, Jacob",male,NA
"Brisbane, William Henry",male,NA
"Brooke, Abraham.",male,NA
"Brooks, George M.",male,NA
"Brooks, Mary Merrick",female,NA
"Brown, A. P.",male,NA
"Brown, Abel",male,NA
"Brown, B. Gratz",male,NA
"Brown, Henry Box",male,NA
"Brown, Henry.",male,NA
"Brown, J. W.",male,NA
"Brown, James C.",male,NA
"Brown, James.",male,NA
"Brown, John",male,NA
"Brown, Olympia",female,NA
"Brown, Thomas H.",male,NA
"Brown, William C.",male,NA
"Brown, William Wells",male,NA
"Browne, Lucinda B.",female,NA
"Browne, Lucy A.",female,NA
"Browne, Lucy.",female,NA
"Browne, Martha Griffith",female,NA
"Browne, N.",male,NA
"Bruck, William A.",male,NA
"Buck, A. R.",male,NA
"Buckley, John C.",male,NA
"Buddington, Thomas Cushman",male,NA
"Buell, Charles E.",male,NA
"Buffum, James Needham",male,NA
"Bullock, Alexander H.",male,NA
"Bunsen, Christian Karl Josias",male,NA
"Burleigh, Celia Burr.",female,NA
"Burleigh, Charles C.",male,NA
"Burleigh, Cyrus Moses",male,NA
"Burleigh, Edward.",male,NA
"Burleigh, Gertrude K.",female,NA
"Burleigh, Lucian.",male,NA
"Burleigh, Margaret Jones.",female,NA
"Burns, A. M.",male,NA
"Burns, Anthony",male,NA
"Burr, William Henry",male,NA
"Burritt, Elihu",male,NA
"Burroughs, James.",male,NA
"Burrows, Thomas.",male,NA
"Burton, Ella.",female,NA
"Bush, Andrew M.",male,NA
"Bush, George",male,NA
"Buss, A. E.",male,NA
"Butler, Josephine Elizabeth Grey",female,NA
"Butler, W. P.",male,NA
"Butman, Sarah L.",female,NA
"Buxton, Thomas Fowell",male,NA
"Buzacott, Aaron.",male,NA
"Byrne, Susan.",female,NA
"Cabot, Frederick Samuel",male,NA
"Cabot, Susan C.",female,NA
"Cadwallader, Charles.",male,NA
"Campbell, Alfred Gibbs.",male,NA
"Campbell, Benjamin M.",male,NA
"Capen, Nahum",male,NA
"Capron, Eliab Wilkinson.",male,NA
"Cardozo, T. W.",male,NA
"Carleton, Edmund",male,NA
"Carlile, James.",male,NA
"Carlton, Harriette M.",female,NA
Carolinian.,NA,NA
"Carpenter, Mary",female,NA
"Carpenter, Philip P.",male,NA
"Carpenter, Russell Lant",male,NA
"Carter, H. W.",male,NA
"Carter, Robert",male,NA
"Case, Truman.",male,NA
"Cash, Mary Ann.",female,NA
"Cavner, George W.",male,NA
"Cawdrey, H.",male,NA
"Cecearini, G.",male,NA
"Cérisier, L.",male,NA
"Chace, Elizabeth Buffum",female,NA
"Chace, Harvey.",male,NA
"Chace, Lucy.",female,NA
"Chace, William M.",male,NA
"Chamberlain, Alice Ingersoll.",female,NA
"Chamberlain, Daniel Henry",male,NA
"Chamerovzow, Louis Alexis.",male,NA
"Chandler, John B.",male,NA
"Chandler, Thomas",male,NA
"Chandler, William E.",male,NA
"Channing, W. H.",male,NA
"Channing, William Ellery",male,NA
"Channing, William F.",male,NA
"Chapin, Henry",male,NA
"Chapman, Ann Greene",female,NA
"Chapman, Edwin.",male,NA
"Chapman, Elizabeth B.",female,NA
"Chapman, Henry Grafton",male,NA
"Chapman, Maria Weston",female,NA
"Chapman, Mary Gray",female,NA
"Chapman, William R.",male,NA
"Chase, B. A.",male,NA
"Chase, Benjamin",male,NA
"Chase, M. E.",female,NA
"Cheever, George Barrell",male,NA
"Cheever, George F.",male,NA
"Cheever, Henry T.",male,NA
"Cheney, Ednah Dow Littlehale",female,NA
"Cheney, Ira.",male,NA
"Chesson, F. W.",male,NA
"Child, David Lee",male,NA
"Child, Lydia Maria",female,NA
Childs,male,NA
"Churchill, Elizabeth Kitredge",female,NA
Cicero of the West.,male,NA
Citizen.,male,NA
"Claflin, Jehiel.",male,NA
"Clapp, William Warland",male,NA
"Clark, David H.",male,NA
"Clark, Frederick.",male,NA
"Clark, George W.",male,NA
"Clark, Helen P. Bright.",female,NA
"Clark, James.",male,NA
"Clarke, Albert",male,NA
"Clarke, Edward H.",male,NA
"Clarke, Enos.",male,NA
"Clarke, James Freeman",male,NA
"Clarke, James L.",male,NA
"Clarke, Mary G.",female,NA
"Clarke, William Travis",male,NA
"Clarkson, Thomas",male,NA
"Cleveland, Charles D.",male,NA
"Coates, Edwin H.",male,NA
"Coates, William.",male,NA
"Cobb, Moses.",male,NA
"Cobb, Samuel C.",male,NA
"Cobb, William N.",male,NA
"Cochin, Augustin",male,NA
"Cochran, Euphemia.",female,NA
"Coffin, Joshua",male,NA
"Cogan, Sarah.",female,NA
"Colburn, Lizzie S.",female,NA
"Colesworthy, D. C.",male,NA
"Colfax, Richard H.",male,NA
"Collings, Edward J.",male,NA
"Collingswood, C. S.",male,NA
"Collins, Eunice Messenger.",female,NA
"Collins, John A.",male,NA
"Colman, Mary H.",female,NA
"Colthurst, John Bowen.",male,NA
"Conway, M. F.",female,NA
"Conway, Moncure Daniel",male,NA
"Cookman, George G.",male,NA
"Cooley, Aaron.",male,NA
"Coombs, Edwin.",male,NA
"Cooper, Joseph",male,NA
"Coulter, J. H.",male,NA
"Cowen, Joseph",male,NA
"Cowing, Lucretia Ann",female,NA
"Cowings, Benjamin.",male,NA
"Cox, Hannah Pierce",female,NA
"Cox, Lydia Elizabeth",female,NA
"Cox, Samuel H.",male,NA
"Craft, William",male,NA
"Craft, William.",male,NA
"Crandal, William L.",male,NA
"Crocker, Lucretia",female,NA
"Cropper, Anne.",female,NA
"Cropper, James",male,NA
"Crosfield, Eliza W.",female,NA
"Crosfield, William.",male,NA
"Crowl, Lyman.",male,NA
"Crummell, Alexander",male,NA
"Cummings, Amos.",male,NA
"Cummins, Jos.",male,NA
"Curtis, George William",male,NA
"Curtis, Marian A.",female,NA
"Curtis, Thomas.",male,NA
"Cushing, Caleb",male,NA
"Cutler, John B.",male,NA
"Dana, Jonathan W.",male,NA
"Danforth, C. B.",male,NA
"Danielson, Joseph.",male,NA
"Davies, Ebenezer",male,NA
"Davis, Andrew Jackson",male,NA
"Davis, Catherine DeWolf Dodge",female,NA
"Davis, Charlotte.",female,NA
"Davis, Edward Morris",male,NA
"Davis, James C.",male,NA
"Davis, Paulina W.",female,NA
"Davis, Thomas",male,NA
"Davison, Henry W.",male,NA
"De Charms, Richard",male,NA
"DeGraw, Mary.",female,NA
"Deland, W. L.",male,NA
"Delany, Martin Robison",male,NA
"Denison, Charles Wheeler",male,NA
"Dennis, Rodney.",male,NA
"Denton, Elizabeth M. Foote.",female,NA
"Dewey, Loring Daniel",male,NA
"Diaz, Abby Morton",female,NA
"Dicey, Anne Greene Chapman",female,NA
"Dick, John.",male,NA
"Dickinson, Anna E.",female,NA
"Dickson, Moses",male,NA
"Dickson, William.",male,NA
"Digby, J.",male,NA
"Diggs, B. F.",male,NA
"Dodge, J. C.",male,NA
"Donaldson, Christian.",male,NA
"Donaldson, Thomas.",male,NA
"Doolittle, Alvan.",male,NA
"Dorval, T. F. Dorvelas.",male,NA
"Doughty, George.",male,NA
"Douglass, Frederick",male,"Douglass, Frederick"
"Dow, Frederick Neal",male,NA
"Dow, Neal",male,NA
"Downes, B. R.",male,NA
"Downie, William.",male,NA
"Downing, George T.",male,NA
"Doy, John",male,NA
"Drake, Frances H.",female,NA
"Drake, Horatio N.",male,NA
"Drake, Jonathan.",male,NA
"Drew, Thomas.",male,NA
"Drummond, James.",male,NA
"Dubouchage, Gabriel",male,NA
"Dugdale, Joseph A.",male,NA
"Dugdale, Ruth.",female,NA
"Dumont, A.",male,NA
"Dunlop, John.",male,NA
"Dutton, David",male,NA
"Dwarris, Fortunatus",NA,NA
"Dyer, Samuel.",male,NA
"Earle, Lucy.",female,NA
"Earle, Sarah Hussey",female,NA
"Earle, Thomas",male,NA
"Eastman, Samuel B.",male,NA
"Eastman, Zebina",male,NA
"Eddison, Eliza.",female,NA
"Eddy, Eliza Frances Jackson Meriam",female,NA
"Eddy, Mary B.",female,NA
"Eddy, Mary C.",female,NA
"Eddy, W.",male,NA
"Edmond, Robert.",male,NA
"Eliot, William Greenleaf",male,NA
Elizabeth.,female,NA
"Elmy, Benjamin Wolstenholme.",male,NA
"Emerson, Gertrude F.",female,NA
"Emerson, John F.",male,NA
"Emerson, John.",male,NA
"Emerson, Lidian Jackson",female,NA
"Emerson, Ralph Waldo",male,NA
"Endicott, William",male,NA
"Ernst, A. H.",male,NA
"Ernst, Sarah Otis",female,NA
"Estcourt, John H.",male,NA
"Estlin, J. B.",male,NA
"Estlin, Mary Anne",female,NA
"Estwick, Samuel",male,NA
"Evans, A. R.",male,NA
"Evans, Estwick",NA,NA
"Evans, Nathan.",male,NA
"Everett, Joshua Titus",male,NA
"Fairbank, Calvin",male,NA
"Fairbanks, Asa",male,NA
"Fairchild, Charles Grandison",male,NA
"Fairchild, Edward Henry",male,NA
"Fakryensh, M. E.",female,NA
"Farmer, William.",male,NA
"Farnham, Eliza W.",female,NA
"Farnsworth, Amos",male,NA
"Fayerweather, Sarah Ann Harris",female,NA
"Fee, John Gregg",male,NA
"Ferguson, Fergus",male,NA
"Ferguson, Robert.",male,NA
"Fessenden, Samuel",male,NA
"Field, Cyrus W.",male,NA
"Fields, Annie",female,NA
"Fields, James Thomas",male,NA
"Firth, Abraham",male,NA
"Fish, Benjamin.",male,NA
"Fish, William Henry",male,NA
"Fisk, John M.",male,NA
"Fitch, William H.",male,NA
"Fitz, Charles F.",male,NA
"Flanders, Martha G.",female,NA
"Fleet, Mozart B.",male,NA
"Fletcher, John.",male,NA
"Flint, J. M.",male,NA
"Folger, Robert H.",male,NA
"Follen, Charles Christopher",male,NA
"Follen, Eliza Lee Cabot",female,NA
"Foote, Hiram.",male,NA
"Forbes, John Murray",male,NA
"Ford, Lewis",male,NA
"Forman, J. G.",male,NA
"Foss, A. T.",male,NA
"Foster, Abby Kelley",female,NA
"Foster, Daniel",male,NA
"Foster, E. J.",female,NA
"Foster, George.",male,NA
"Foster, Horatio W.",male,NA
"Foster, N. A.",male,NA
"Foster, Rebeckah H.",female,NA
"Foster, Stephen S.",male,NA
"Fowler, L. N.",male,NA
"Fowler, Lydia F.",female,NA
"Fox, Henry J.",male,NA
"Fox, William",male,NA
"Freeland, Edward B.",male,NA
"Frémont, John Charles",male,NA
"French, John Robert",male,NA
Friend of the Freedmen.,male,NA
"Frost, B.",male,NA
"Frothingham, Frederick",male,NA
"Frothingham, Octavius Brooks",male,NA
"Furness, William Henry",male,NA
"Fyfe, Andrew.",male,NA
"Gaël, A.",male,NA
"Gage, Frances Dana",female,NA
"Gale, Samuel",male,NA
"Garland, C. T.",male,NA
"Garretson, N. P.",male,NA
"Garrett, Thomas",male,NA
"Garrison, George A.",male,NA
"Garrison, Helen Eliza",female,NA
"Garrison, William Lloyd",male,"Garrison, William Lloyd"
"Gates, Lucy.",female,NA
"Gay, Sydney Howard",male,NA
"Gazzam, Joseph M.",male,NA
"Geoffroy Saint-Hilaire, Isidore",male,NA
"Gibbons, Abby Hopper",female,NA
"Gibbons, J. S.",male,NA
"Gibbs, Leonard.",male,NA
"Giddings, Joshua R.",male,NA
"Giddings, Lura Maria",female,NA
"Gilbert, Amos.",male,NA
"Gilbert, Olive.",female,NA
"Gilbert, Oliver C.",male,NA
"Gilbert, Timothy",male,NA
"Gilmore, William R.2.",male,NA
"Gledstone, James Paterson.",male,NA
"Glover, T. W.",male,NA
"Goddard, Delano A.",male,NA
"Goff, H. N. K.",male,NA
"Goodell, Lavinia.",female,NA
"Goodell, William",male,NA
"Gore, John C.",male,NA
"Gould, Reuben K.",male,NA
"Gould, William E.",male,NA
"Gowing, Richard.",male,NA
"Grabord, Louis.",male,NA
"Graham, Andrew J.",male,NA
"Graham, Sylvester",male,NA
"Grandey, George W.",male,NA
"Grandin, David S.",male,NA
"Grandy, Moses",male,NA
"Greeley, Horace",male,NA
"Green, William",male,NA
"Greener, Richard Theodore",male,NA
"Greenwood, Grace",female,NA
"Greville, Robert Kaye",male,NA
"Grew, Henry",male,NA
"Grew, Mary",female,NA
"Grew, William.",male,NA
"Gridley, Fidelia S.",female,NA
"Griffin, William P.",male,NA
"Griffing, Josephine W.",female,NA
"Griffiths, Julia",female,NA
"Grimké, Angelina Emily",female,NA
"Grimké, Angelina Emily",female,NA
"Grimké, Sarah Moore",female,NA
"Griswold, Howard.",male,NA
"Griswold, Whiting",male,NA
"Grosvenor, Cyrus Pitt",male,NA
"Grosvenor, Louisa.",female,NA
"Grover, A. J.",male,NA
"Guild, Mary M.",female,NA
"Guiney, Patrick R.",male,NA
"Gulland, James.",male,NA
"Gunn, Lewis C.",male,NA
"Gurley, Ralph Randolph",male,NA
"Hager, Albert D.",male,NA
"Hale, John P.",male,NA
"Hale, Susan",female,NA
"Hall, Edward B.",male,NA
"Hall, Robert B.",male,NA
"Hallock, N.",male,NA
"Hamilton, Edward.",male,NA
"Hamilton, John.",male,NA
"Hammond, Charles Goodrich",male,NA
"Hammond, Elisha Livermore",male,NA
"Hanaford, Phebe A.",female,NA
"Harlow, Thomas S.",male,NA
"Harris, Edward",male,NA
"Harris, George",male,NA
"Haskell, A. L.",male,NA
"Haskell, William Garrison.",male,NA
"Haskell, William O.",male,NA
"Hassall, Robert.",male,NA
"Hatch, Benjamin F.",male,NA
"Haughton, James",male,NA
"Haughton, Samuel.",male,NA
"Haughton, Sarah C.",female,NA
"Haven, Gilbert",male,NA
"Hayden, Harriet W.",female,NA
"Hayden, Lewis",male,NA
"Haynes, John C.",male,NA
"Hayward, Susan W.",female,NA
"Healy, Joseph",male,NA
"Heaton, Nathan.",male,NA
"Helper, Hinton Rowan",male,NA
"Henderson, D. C.",male,NA
"Henson, Josiah",male,NA
"Herndon, William Henry",male,NA
"Hesse, Augustus",male,NA
"Higgins, J. A.",male,NA
"Higginson, Thomas Wentworth",male,"Higginson, Thomas Wentworth"
"Hilditch, Sarah.",female,NA
"Hildreth, Richard",male,NA
"Hill, Alonzo",male,NA
"Hill, Frank Harrison",male,NA
"Hill, Hamilton",male,NA
"Hill, Hamilton Andrews",male,NA
"Hill, Samuel L.",male,NA
"Hills, William Henry.",male,NA
"Hilton, John Telemachus",male,NA
"Hilton, John.",male,NA
"Hinckly, Francis.",male,NA
"Hincks, H.",male,NA
"Hinkley, M. C.",female,NA
"Hinton, Richard J.",male,NA
"Hitchcock, Jane Elizabeth",female,NA
"Hoag, Enoch",male,NA
"Hoar, E. R.",female,NA
"Hoar, George Frisbie",male,NA
"Hodges, Charles E.",male,NA
"Hodgson, W. B.",male,NA
"Hoey, James.",male,NA
"Holley, Sallie",female,NA
"Hollins, Annie Neill.",female,NA
"Hollis, Mary Penniman",female,NA
"Holly, Joseph C.",male,NA
"Holyoake, George Jacob",male,NA
"Hooper, Ellen Sturgis.",female,NA
"Hopkins, Richard.",male,NA
"Hopper, Anna M.",female,NA
"Hopper, Edward",male,NA
"Hopper, Isaac T.",male,NA
"Hopper, John",male,NA
"Hopper, Rosalie DeWolf.",female,NA
"Horton, Jacob",male,NA
"Horton, Martha A.",female,NA
"Hoskin, John.",male,NA
"Hossack, John",male,NA
"Hovey, Charles F.",male,NA
"Howard, Charles H.",male,NA
"Howard, Hope.",female,NA
"Howe, S. G.",female,NA
"Howitt, Mary Botham",female,NA
"Howland, Joseph A.",male,NA
"Howorth, Franklin.",male,NA
"Hughes, S. F.",female,NA
"Huidekoper, Elizabeth G.",female,NA
"Humphrey, Heman",male,NA
"Hunt, Samuel",male,NA
"Hunt, Seth.",male,NA
"Hutson, W. Ferguson.",male,NA
"Hutton, Joseph",male,NA
"Ingersoll, Henrietta Crosby.",female,NA
"Jackson, Edmund",male,NA
"Jackson, Francis",male,NA
"Jackson, George.",male,NA
"Jacob, John J.",male,NA
"Jacobs, Louise.",female,NA
"James, William.",male,NA
"Japhet, J. M.",male,NA
"Jarvis, Lydia G.",female,NA
"Jay, William",male,NA
"Jennings, Isabel.",female,NA
"Jennings, Jane.",female,NA
"Johnson, Mary Ann White",female,NA
"Johnson, Oliver",male,NA
"Johnson, Samuel",male,NA
"Jones, Benjamin S.",male,NA
"Jones, Benjamin Smith",male,NA
"Jones, J. Elizabeth",male,NA
"Jones, Silva W.",female,NA
"Joy, Charlotte Austin.",female,NA
"Kell, Edmund",male,NA
"Kenny, Mary P.",female,NA
"Kenrick, John",male,NA
"Kimber, Abby",female,NA
"Kimber, Martha.",female,NA
"Knibb, William",male,NA
"Knight, Anne.",female,NA
Ladies of Perth.,NA,NA
"Lamartine, Alphonse de",male,NA
"Landt, Margaret H.",female,NA
Latimer.,male,NA
"Laugel, Elizabeth Bates Chapman",female,NA
"Laugel, Leonce.",male,NA
"Lecomte, Floreska.",NA,NA
"Lewis, Edmonia.",female,NA
"Lewis, Enoch.",male,NA
"Lewis, Evan.",male,NA
"Lewis, Jarvis.",male,NA
"Lewis, Seth.",male,NA
"Lincoln, Elizabeth W.",female,NA
"Linton, Mahlon B.",male,NA
"Little, Sophia L.",female,NA
"Livermore, Elizabeth A.",female,NA
"Livermore, Mary Ashton Rice",female,NA
"Locke, Jane E.",female,NA
"Logan, William",male,NA
"Longfellow, Samuel",male,NA
"Loring, Anna.",female,NA
"Loring, Benjamin.",male,NA
"Loring, C. W.",male,NA
"Loring, Ellis Gray",male,NA
"Loring, Louisa Gilman",female,NA
"Lothrop, Samuel Kirkland",male,NA
"Love, Alfred H.",male,NA
"Lupton, Elizabeth.",female,NA
"Lupton, Harriet.",female,NA
"Lupton, Joseph.",male,NA
"Lyman, Theodore",male,NA
M. W. C.,female,NA
"M'Kim, J. Miller",male,NA
"Macaulay, Zachary",male,NA
"Macmillan, Sarah N.",female,NA
"MacPhail, Jane M.",female,NA
"MacQueen, James",male,NA
"Macy, Aaron Cyrus.",male,NA
"Madden, Richard Robert",male,NA
"Magill, Edward H.",male,NA
"Magill, Jonathan P.",male,NA
"Mandell, Abby Osgood",female,NA
"Mannix, Mary.",female,NA
"Marsh, R. V.",male,NA
"Marshall, Emma",female,NA
"Marshall, Theodoria.",female,NA
"Martin, Henry William",male,NA
"Martineau, Harriet",female,NA
"Martineau, Robert F.",male,NA
"Massie, Isabella.",female,NA
"Mawson, Elizabeth Swan.",female,NA
"Mawson, John",male,NA
"May, Abby W.",female,NA
"May, Elizabeth G.",female,NA
"May, Mary Goddard",female,NA
"May, Samuel",male,NA
"May, Samuel J.",male,NA
"May, Sarah Russell",female,NA
"Mazzini, Giuseppe",male,NA
"McFadden, Albert.",male,NA
"McLaren, Priscilla Bright",female,NA
"Metford, Jane E.",female,NA
"Michell, Emma.",female,NA
"Miles, Mary E. Russell.",female,NA
"Milford, George Washington.",male,NA
"Milnes, Richard Monckton",male,NA
"Mitchell, Emma.",female,NA
"Moore, Frank",male,NA
"Moore, Rebecca.",female,NA
Moran,male,NA
"Morison, John Hopkins",male,NA
"Morris, Robert",male,NA
"Morton, Anne.",female,NA
"Morton, Charlotte A.",female,NA
"Morton, D.",male,NA
"Mott, James",male,NA
"Mott, Lucretia",female,NA
"Nason, C. C.",male,NA
"Neal, John",male,NA
"Needles, William N.",male,NA
"Neill, John R.",male,NA
"Nell, William C.",male,NA
"New, Herbert",male,NA
"Newman, Francis William",male,NA
"Nichol, Elizabeth Pease",female,NA
"Nichol, John",male,NA
"Nichols, R. Anne.",male,NA
"Nichols, W. S.",male,NA
Nicolaus,male,NA
"Nisbet, Richard.",male,NA
"Norton, Charles Eliot",male,NA
"Norton, John Treadwell",male,NA
"O'Brien, Hannah.",female,NA
"Olds, C. G.",male,NA
"Olds, Clarissa G.",female,NA
"Olin, William M.",male,NA
"Orton, J. R.",male,NA
"Osgood, Abby",female,NA
"Otis, A. L.",male,NA
"Ouseley, William Gore",male,NA
"Owen, Woodland",male,NA
"Palfrey, John Gorham",male,NA
"Palmer, Elizabeth L.",female,NA
"Parker, M. E.",female,NA
"Parker, Mary S.",female,NA
"Parkman, John",male,NA
"Parkman, M. J.",female,NA
"Paton, Andrew",male,NA
"Paton, Catherine.",female,NA
"Patton, Abby Hutchinson",female,NA
"Payne, H. B.",male,NA
"Peabody, Andrew P.",male,NA
"Peek, Alanson A.",male,NA
"Phelps, Amos A.",male,NA
"Philbrick, Anna R.",female,NA
"Philbrick, Samuel",male,NA
"Phillips, Ann Terry Greene",female,NA
"Phillips, Louisa.",female,NA
"Phillips, Mary L.",female,NA
"Phillips, Thomas.",male,NA
"Phillips, Wendell",male,"Phillips, Wendell"
"Phillips, William F.",male,NA
"Pillsbury, Parker",male,NA
"Pillsbury, Sarah H.",female,NA
"Pitkin, John R. G.",male,NA
"Plumer, Richard.",male,NA
"Plumer, William",male,NA
"Plumly, Benjamin Rush",male,NA
"Plummer, Sarah M.",female,NA
"Poole, Elizabeth.",female,NA
"Poole, Sarah.",female,NA
"Porter, Caroline.",female,NA
"Porter, Charles",male,NA
"Porter, John Scott",male,NA
"Post, Amy.",female,NA
"Potter, Thomas Bayley.",male,NA
"Potter, William J.",male,NA
"Powell, Aaron M.",male,NA
"Powell, William P.",male,NA
"Price, Abby H.",female,NA
"Prigg, Edward.",male,NA
"Pugh, Sarah",female,NA
"Putnam, Caroline E.",female,NA
"Putnam, George",male,NA
"Quincy, Edmund",male,NA
R. C.,male,NA
"Rae, Robert.",male,NA
"Ramsay, James",male,NA
"Randolph, Thomas Jefferson",male,NA
"Raper, James Hayes.",male,NA
"Rawson, Mary Anne",female,NA
"Remond, Sarah Parker",female,NA
"Ricketson, Daniel",male,NA
"Ricketson, Joseph.",male,NA
"Ringwalt, J. E.",male,NA
"Robbins, L. M.",male,NA
"Roberts, Thomas",male,NA
"Robeson, Andrew",male,NA
"Robinson, Emily.",female,NA
"Robson, William",male,NA
Rockport Social Circle.,NA,NA
Rodman,male,NA
"Rodman, Eliza.",female,NA
"Rodman, Elizabeth.",female,NA
"Rodman, Samuel.",male,NA
"Rogers, Mary P.",female,NA
"Rolleston, George",male,NA
"Roper, Moses.",male,NA
"Ross, Alexander Milton",male,NA
"Royce, S.",female,NA
"Ruhm, John",male,NA
"Russell, G. R.",male,NA
"Russell, George.",male,NA
"Russell, Sarah Parkman Shaw",female,NA
"Russell, Thomas",male,NA
"Sanborn, F. B.",male,NA
"Sanderson, J. B.",male,NA
"Sanger, Abner.",male,NA
Sarah.,female,NA
"Sargent, John T.",male,NA
"Saxon, A.",male,NA
"Schoelcher, Victor",male,NA
"Sedgwick, C. B.",male,NA
"Sedgwick, Theodore",male,NA
"Sellers, Samuel.",male,NA
"Sewall, Harriet Winslow",female,NA
"Sewall, Louisa M.",female,NA
"Sewall, Samuel E.",male,NA
"Shackleton, Mary.",female,NA
"Shaw, Sarah Blake Sturgis",female,NA
"Shaw, William.",male,NA
"Shorey, Cornelia G.",female,NA
"Slack, David B.",male,NA
"Smith, A. T.",male,NA
"Smith, Ann Carroll Fitzhugh",female,NA
"Smith, Elias",male,NA
"Smith, Evelina A. S.",female,NA
"Smith, George.",male,NA
"Smith, Gerrit",male,NA
"Smith, Increase S.",male,NA
"Smith, Isaac.",male,NA
"Smith, John.",male,NA
"Smith, R.",male,NA
"Snodgrass, J. E.",male,NA
"Soul, Joseph.",male,NA
"Spear, Catherine H.",female,NA
"Spear, John Murray",male,NA
"Spear, William H.",male,NA
"Spooner, Allen C.",male,NA
"Spooner, Nathaniel B.",male,NA
"Spring, Marcus.",male,NA
"Stacy, George W.",male,NA
"Stanton, Elizabeth Cady",female,NA
"Stanton, Henry B.",male,NA
"Stearns, Geo. L.",male,NA
"Stearns, Rachel W.",female,NA
"Stebbins, Catharine A. F.",female,NA
"Stebbins, Giles Badger",male,NA
"Stebbins, Sumner.",male,NA
"Steinthal, S. Alfred.",female,NA
"Stephens, Martha.",female,NA
"Stetson, Caleb",male,NA
"Still, William",male,NA
"Stone, Lucy",female,NA
"Storey, Charles William",male,NA
"Stroud, George M.",male,NA
"Stuart, Charles",male,NA
"Stuart, James",male,NA
"Sturge, Esther.",female,NA
"Sturge, Thomas.",male,NA
"Sumner, Charles",male,NA
"Sutherland, Harriet Elizabeth Georgiana Leveson-Gower",female,NA
"Tappan, Sarah Salisbury",female,NA
"Taylor, Bayard",male,NA
"Taylor, John.",male,NA
"Taylor, Mentia.",NA,NA
"Thayer, William M.",male,NA
"Thomas, Hannah S.",female,NA
"Thomas, S. W.",female,NA
"Thome, James A.",male,NA
"Thompson, George",male,NA
"Thompson, T. Perronet",male,NA
"Thoreau, Helen L.",female,NA
"Thoreau, Sophia E.",female,NA
"Tilton, Theodore",male,NA
"Torrey, Charles T.",male,NA
"Torrey, Jesse",male,NA
"Tourjée, Eben",male,NA
"Townsend, Mira Sharples",female,NA
"Tribe, Anne.",female,NA
"Tribe, Fanny N.",female,NA
"Tudor, Frederic",male,NA
"Turgenev, Nikolai",NA,NA
"Tweedie, William",male,NA
"Tyler, Moses Coit",male,NA
"Urquhart, Thomas.",male,NA
"Van Rensalaer, Thomas.",male,NA
"Vaux, Roberts",male,NA
"Vincent, Henry",male,NA
Virgil.,male,NA
W. T. H.,male,NA
"Wadström, Carl Bernhard",male,NA
"Wadsworth, George.",male,NA
"Walker, Thomas.",male,NA
"Wallace, William Allen",male,NA
"Wallcut, Robert Folger",male,NA
"Watson, Mary H.",female,NA
"Webb, Alfred",male,NA
"Webb, Hannah",female,NA
"Webb, James H.",male,NA
"Webb, Maria.",female,NA
"Webb, Richard Davis",male,"Webb, Richard Davis"
"Webb, Richard.",male,NA
"Wells, James M.",male,NA
"Welsh, Mary",female,NA
Weston,male,NA
"Weston, Anne Warren",female,"Weston, Anne Warren"
"Weston, C. E.",male,NA
"Weston, Caroline",female,NA
"Weston, Deborah",female,NA
"Weston, E.",female,NA
"Weston, Emma Forbes",female,NA
"Weston, G. B.",male,NA
"Weston, Helen.",female,NA
"Weston, Hervey Eliphaz",male,NA
"Weston, Lucia",female,NA
"Weston, Mary",female,NA
"Weston, R. Warren",male,NA
"Weston, Rosamond.",female,NA
"Weston, S. M.",female,NA
"Whipple, Charles K.",male,NA
"White, George W.",male,NA
"White, Hannah Ely.",female,NA
"White, Richard W.",male,NA
"White, William Abijah",male,NA
"Whitelegge, Rebecca.",female,NA
"Whiting, L. R.",male,NA
"Whiting, Louisa Jane.",female,NA
"Whiting, Nathaniel H.",male,NA
"Whitney, Anne",female,NA
"Whitney, R. P.",male,NA
"Whitson, Thomas",male,NA
"Whittier, John Greenleaf",male,NA
"Whitworth, Robert.",male,NA
"Wiffen, Benjamin B.",male,NA
"Wigham, Eliza",female,NA
"Wigham, Eliza.",female,NA
"Wigham, Jane.",female,NA
"Willard, Emma C.",female,NA
"Williams, William.",male,NA
"Willis, Hamilton.",male,NA
"Wilmarth, Lucinda.",female,NA
"Wilson, Daniel",male,NA
"Wilson, Henry",male,NA
"Wilson, Henry Joseph",male,NA
"Wilson, Hiram",male,NA
"Wilson, Shipley W.",male,NA
"Winsmith, J. C.",male,NA
"Wood, A. H.",male,NA
"Wood, S.",female,NA
"Woolson, Abba Goold",female,NA
"Wright, Albert J.",male,NA
"Wright, Henry Clarke",male,NA
"Yerrinton, James Brown",male,NA
Cinque.,NA,NA
"Céspedes, Ramón.",NA,NA
"Leigh, Benjamin Watkins",male,NA
"Draper, Ebenezer Daggett",male,NA
"Phillips, J.",male,NA
"Nash, Daniel D.",male,NA
"Ady, John",male,NA
"Lofft, Capel",male,NA
"Warburton, William",male,NA
"Harwood, E.",female,NA
"Blanchard, Frances Ann Brown Sargent",female,NA
"Stearns, Charles.",male,NA
"West, Edward.",male,NA
"Buddington, H. A.",male,NA
"Thayer, C. C.",male,NA
"Sturge, Edmund",male,NA
"Pringle, Edward J.",male,NA
"Pétion, Alexandre",male,NA
Arnold,male,NA
"Ball, Martha V.",female,NA
"Bassett, William",male,NA
"Channing, Walter",male,NA
Clarke,male,NA
"Cropper, Anne",female,NA
E.G.A.,NA,NA
"French, Rodney",male,NA
"Garrison, Francis Jackson",male,NA
"Harring, Harro",male,NA
"Hinkly, Eugene B.",male,NA
"Hunt, Sarah H.",female,NA
Jenny.,female,NA
"Laugel, Auguste",female,NA
"Laugel, Leonce",male,NA
"Loring, Anna",female,NA
Mary,female,NA
"Michell, Emma",female,NA
"Osgood, James R.",male,NA
"Parker, Theodore",male,NA
"Purvis, Robert",male,NA
"Steinthal, S. Alfred",female,NA
"Weston, Ann Bates",female,NA
"Whitelegge, Rebecca",female,NA
"Wilberforce, Samuel",male,NA
"Wright, Elizur",male,NA
"Whipple, Charles",male,NA
"Bleakley, James T. M.",male,NA
"Reason, Charles L.",male,NA
"Swedenborg, Emanuel",male,NA
"Boyer, Jean Pierre",male,NA
"Mallory, S. V. R.",female,NA
Dubouchage,NA,NA
"Goulburn, Henry",male,NA
"Buckley, Arthur",male,NA
"Mansfield, William Murray",male,NA
"Crafton, William Bell.",male,NA
"Hunt, Benjamin P.",male,NA
"Adams, J. S.",male,NA
"Alger, William Rounseville",male,NA
"Allen, Ephraim Williams",male,NA
"Bartlett, E. F.",female,NA
"Benson, Anna Elizabeth.",female,NA
"Benson, George",male,NA
"Benson, J. C.",male,NA
"Benson, Mary",female,NA
"Benson, Sarah Thurber",female,NA
"Boyce, James P.",male,NA
"Bramhall, Ann Rebecca",female,NA
"Browne, Theodore",male,NA
Bush,male,NA
"Campbell, James",male,NA
"Capron, Effingham Lawrence",male,NA
"Carter, Joseph R.",male,NA
Chace,NA,NA
"Clarke, J. R.",male,NA
"Clarkson, Catherine Buck",female,NA
"Connor, Rowland",male,NA
"Cooley, Aaron",male,NA
"Corkran, Charles L.",male,NA
"Cowing, Cornelius",male,NA
"Crandall, Prudence",female,NA
"Dole, Ebenezer",male,NA
"Douglass, S. M.",female,NA
"Dresel, Anna Loring",female,NA
"Drew, Thomas Bradford",male,NA
"Farmer, John",male,NA
"Farnsworth, Elizabeth",female,NA
"Friend, Julia M.",female,NA
"Gardner, Francis",male,NA
"Garrison, Frances Maria Lloyd",female,NA
"Garrison, James Holley",male,NA
"Garrison, Lucy McKim",female,NA
"Garrison, Wendell Phillips",male,NA
"Gates, Seth Merrill",male,NA
"Gunn, Marcus",male,NA
"Hazeltine, Charles",male,NA
"Hinckley, Isabella Mack",female,NA
"Hines, Harry C.",male,NA
"Jackson, Phoebe",female,NA
"Jewett, John Punchard",male,NA
"Jocelyn, Simeon Smith",male,NA
"Johnston, N. R.",male,NA
"Knapp, Isaac",male,NA
"Lenox, John M.",male,NA
"Lundy, Benjamin",male,NA
"M'Kim, Sarah Allibone Speakman",female,NA
"Mack, David",male,NA
"Manning, Jacob M.",male,NA
Marshall,male,NA
"Martineau, James",male,NA
"Mawson, Elizabeth Swan",female,NA
"Meriam, Eliza Frances",female,NA
"Morgan, John",male,NA
"Newell, Charlotte Lloyd",female,NA
"Newhall, William",male,NA
"Parker, Thomas",male,NA
"Pease, Joseph",male,NA
"Pitman, Harriet Minot",female,NA
"Potter, Thomas Bayley",male,NA
"Rae, Robert",male,NA
RECIPIENT (PERSONAL NAME),NA,NA
"Redpath, James",male,NA
"Ricketson, Joseph",male,NA
"Robinson, George Dexter",male,NA
"Round, W. M. F.",male,NA
"Ruffin, Josephine St. Pierre",female,NA
"Sheehy, Michael J.",male,NA
"Shepard, George",male,NA
"Shipley, Thomas",male,NA
"Smith, Joshua Bowen",male,NA
"Southard, Nathaniel",male,NA
"Studwell, Edwin A.",male,NA
"Sunderland, La Roy",male,NA
"Thayer, Caroline Coddington",female,NA
"Todd, Francis",male,NA
"Tredgold, John Harfield",male,NA
"Villard, Fanny Garrison",female,NA
"Villard, Henry",male,NA
"Vincent, Lucy Chappell Cleare",female,NA
"Wertz, Henry D.",male,NA
"Wheeler, William Adolphus",male,NA
"Winslow, Isaac",male,NA
"Yerrinton, J. M. W.",male,NA
"Truth, Sojourner",NA,NA
"Stowe, Harriet Beecher",female,NA
"Eliot, Samuel Atkins",male,NA
"Cole, Miriam M.",female,NA
"Cullen, Matthew.",male,NA
"Plumley, Benjamin Rush",male,NA
"Tappan, Lewis",male,NA
"Borthwick, P.",male,NA
"Everett, Oliver",male,NA
"Whitmorae, Wiiliam Wolryche",male,NA
"Sikes, Thomas",male,NA
"Ford, Worthington Chauncey",male,NA
"Brown, J.",male,NA
"Davis, George T.",male,NA
"Gannett, Ezra S.",male,NA
"Hudson, Charles",male,NA
"Longfellow, Henry Wadsworth",male,NA
"May, Adeline",female,NA
"Mann, Horace",male,NA
"Bergame, Nicolas de",male,NA
"Sparhawk, John",male,NA
"Everett, Edward",male,NA
"Hurnard, James",male,NA
"RMay, Samuel",male,NA
"Beach, Samuel",male,NA
"Jefferson, Thomas",male,NA
"Saint-Pierre, Bernardin de",female,NA
"Brougham and Vaux, Henry Brougham",male,NA
"Washington, I. H.",male,NA
"Sedgwick, Henry D.",male,NA
Clericus,NA,NA
"Verplanck, Gulian C.",NA,NA
"Holabird, William H.",male,NA
"Dennison, C.W.",male,NA
"Kimball, J. Horace",male,NA
"Weaks, I. E. P.",male,NA
"Wilberforce, William",male,NA
"Bags, John Dryden",male,NA
Arrhenius,NA,NA
Bates,male,NA
"Fuller, Margaret",female,NA
Gould,male,NA
"Grimké, Sarah Moore",female,NA
"Hanson, T. R.",male,NA
"Humboldt, Alexander von",male,NA
"Kemble, Fanny",female,NA
"Post, Amy",female,NA
"Rogers, Nathaniel Peabody",male,NA
"Bourne, George A.",male,NA
Essex County Olive Branch Circle,male,NA
"Hamatt, L. R. G.",male,NA
"Newcomb, Stillman B.",male,NA
"Weston, Phebe Nash",female,NA
Worcester,male,NA
Young,male,NA
"Fifield, Noah",male,NA
Seabury,male,NA
"Bullock, Rufus B.",male,NA