person,group
Ash.Gilbert,StAndrewsLodge
Barrett.Samuel,StAndrewsLodge
Bell.William,StAndrewsLodge
Blake.Increase,StAndrewsLodge
Bray.George,StAndrewsLodge
Brown.Hugh,StAndrewsLodge
Burbeck.Edward,StAndrewsLodge
Burbeck.William,StAndrewsLodge
Cailleteau.Edward,StAndrewsLodge
Callendar.Elisha,StAndrewsLodge
Chipman.Seth,StAndrewsLodge
Collins.Ezra,StAndrewsLodge
Crafts.Thomas,StAndrewsLodge
Deshon.Moses,StAndrewsLodge
Doyle.Peter,StAndrewsLodge
Ferrell.Ambrose,StAndrewsLodge
Flagg.Josiah,StAndrewsLodge
Gould.William,StAndrewsLodge
Graham.James,StAndrewsLodge
Gray.Wait,StAndrewsLodge
Ham.William,StAndrewsLodge
Hitchborn.Nathaniel,StAndrewsLodge
Hoffins.John,StAndrewsLodge
Inglish.Alexander,StAndrewsLodge
Jarvis.Edward,StAndrewsLodge
Jefferds.Unknown,StAndrewsLodge
Jenkins.John,StAndrewsLodge
Kerr.Walter,StAndrewsLodge
Lewis.Phillip,StAndrewsLodge
Marett.Phillip,StAndrewsLodge
Marlton.John,StAndrewsLodge
McAlpine.William,StAndrewsLodge
Milliken.Thomas,StAndrewsLodge
Moody.Samuel,StAndrewsLodge
Nicholls.Unknown,StAndrewsLodge
Obear.Israel,StAndrewsLodge
Palfrey.William,StAndrewsLodge
Peck.Samuel,StAndrewsLodge
Phillips.John,StAndrewsLodge
Potter.Edward,StAndrewsLodge
Pulling.Richard,StAndrewsLodge
Revere.Paul,StAndrewsLodge
Seward.James,StAndrewsLodge
Sloper.Ambrose,StAndrewsLodge
Stanbridge.Henry,StAndrewsLodge
Tabor.Philip,StAndrewsLodge
Urann.Thomas,StAndrewsLodge
Warren.Joseph,StAndrewsLodge
Webb.Joseph,StAndrewsLodge
Webster.Thomas,StAndrewsLodge
Welles.Henry,StAndrewsLodge
Whitten.John,StAndrewsLodge
Wingfield.William,StAndrewsLodge
Avery.John,LoyalNine
Bass.Henry,LoyalNine
Chase.Thomas,LoyalNine
Cleverly.Stephen,LoyalNine
Crafts.Thomas,LoyalNine
Edes.Benjamin,LoyalNine
Field.Joseph,LoyalNine
Smith.John,LoyalNine
Trott.George,LoyalNine
Welles.Henry,LoyalNine
Adams.John,NorthCaucus
Adams.Samuel,NorthCaucus
Allen.Dr,NorthCaucus
Appleton.Nathaniel,NorthCaucus
Ballard.John,NorthCaucus
Barber.Nathaniel,NorthCaucus
Bass.Henry,NorthCaucus
Boit.John,NorthCaucus
Breck.William,NorthCaucus
Burt.Benjamin,NorthCaucus
Cazneau.Capt,NorthCaucus
Chadwell.Mr,NorthCaucus
Champney.Caleb,NorthCaucus
Chase.Thomas,NorthCaucus
Cheever.Ezekiel,NorthCaucus
Chrysty.Thomas,NorthCaucus
Church.Benjamin,NorthCaucus
Collson.Adam,NorthCaucus
Condy.JamesFoster,NorthCaucus
Dennie.William,NorthCaucus
Edes.Benjamin,NorthCaucus
Emmes.Samuel,NorthCaucus
Grant.Moses,NorthCaucus
Greenleaf.Joseph,NorthCaucus
Hickling.William,NorthCaucus
Hitchborn.Thomas,NorthCaucus
Holmes.Nathaniel,NorthCaucus
Hoskins.William,NorthCaucus
Johonnott.Gabriel,NorthCaucus
Kent.Benjamin,NorthCaucus
Kimball.Thomas,NorthCaucus
Lowell.John,NorthCaucus
Matchett.John,NorthCaucus
Merrit.John,NorthCaucus
Molineux.William,NorthCaucus
Morton.Perez,NorthCaucus
Palms.Richard,NorthCaucus
Parkman.Elias,NorthCaucus
Pearce.IsaacJun,NorthCaucus
Pearce.Isaac,NorthCaucus
Peck.Thomas,NorthCaucus
Proctor.Edward,NorthCaucus
Pulling.John,NorthCaucus
Revere.Paul,NorthCaucus
Ruddock.Abiel,NorthCaucus
Sharp.Gibbens,NorthCaucus
Sigourney.John,NorthCaucus
Stoddard.Asa,NorthCaucus
Stoddard.Jonathan,NorthCaucus
Story.Elisha,NorthCaucus
Swan.James,NorthCaucus
Symmes.Eben,NorthCaucus
Symmes.John,NorthCaucus
Tileston.Thomas,NorthCaucus
Urann.Thomas,NorthCaucus
Warren.Joseph,NorthCaucus
White.Samuel,NorthCaucus
Winthrop.John,NorthCaucus
Young.Thomas,NorthCaucus
Adams.John,LongRoomClub
Adams.Samuel,LongRoomClub
Church.Benjamin,LongRoomClub
Cooper.Samuel,LongRoomClub
Cooper.William,LongRoomClub
Dawes.Thomas,LongRoomClub
Dexter.Samuel,LongRoomClub
Fleet.Thomas,LongRoomClub
Hancock.John,LongRoomClub
Lambert.John,LongRoomClub
Otis.James,LongRoomClub
Phillips.Samuel,LongRoomClub
Quincy.Josiah,LongRoomClub
Revere.Paul,LongRoomClub
Tyler.Royall,LongRoomClub
Warren.Joseph,LongRoomClub
Winslow.John,LongRoomClub
Barber.Nathaniel,TeaParty
Barnard.Samuel,TeaParty
Bass.Henry,TeaParty
Bolter.Thomas,TeaParty
Bradlee.David,TeaParty
Bradlee.Josiah,TeaParty
Bradlee.Nathaniel,TeaParty
Bradlee.Thomas,TeaParty
Bewer.James,TeaParty
Bruce.Stephen,TeaParty
Burton.Benjamin,TeaParty
Campbell.Nicholas,TeaParty
Chase.Thomas,TeaParty
Clarke.Benjamin,TeaParty
Cochran.John,TeaParty
Colesworthy.Gilbert,TeaParty
Collier.Gershom,TeaParty
Collson.Adam,TeaParty
Condy.JamesFoster,TeaParty
Cooper.Samuel,TeaParty
Crane.John,TeaParty
Davis.Robert,TeaParty
Dolbear.Edward,TeaParty
Eaton.Joseph,TeaParty
Eayres.Joseph,TeaParty
Eckley.Unknown,TeaParty
Etheridge.William,TeaParty
Fenno.Samuel,TeaParty
Foster.Samuel,TeaParty
Frothingham.Nathaniel,TeaParty
Gammell.John,TeaParty
Gore.Samuel,TeaParty
Grant.Moses,TeaParty
Greene.Nathaniel,TeaParty
Hammond.Samuel,TeaParty
Hendley.William,TeaParty
Hewes.George,TeaParty
Hicks.John,TeaParty
Hobbs.Samuel,TeaParty
Hooton.John,TeaParty
Howard.Samuel,TeaParty
Howe.Edward,TeaParty
Hunnewell.Jonathan,TeaParty
Hunnewell.Richard,TeaParty
Hunstable.Thomas,TeaParty
Hunt.Abraham,TeaParty
Ingersoll.Daniel,TeaParty
Kinnison.David,TeaParty
Lee.Joseph,TeaParty
Lincoln.Amos,TeaParty
Loring.Matthew,TeaParty
Machin.Thomas,TeaParty
MacKintosh.Capt,TeaParty
MacNeil.Archibald,TeaParty
May.John,TeaParty
Melville.Thomas,TeaParty
Molineux.William,TeaParty
Moore.Thomas,TeaParty
Morse.Anthony,TeaParty
Mountford.Joseph,TeaParty
Newell.Eliphelet,TeaParty
Palmer.Joseph,TeaParty
Parker.Jonathan,TeaParty
Payson.Joseph,TeaParty
Peck.Samuel,TeaParty
Peters.John,TeaParty
Pierce.William,TeaParty
Pitts.Lendall,TeaParty
Porter.Thomas,TeaParty
Prentiss.Henry,TeaParty
Prince.John,TeaParty
Proctor.Edward,TeaParty
Purkitt.Henry,TeaParty
Randall.John,TeaParty
Revere.Paul,TeaParty
Roby.Joseph,TeaParty
Russell.John,TeaParty
Russell.William,TeaParty
Sessions.Robert,TeaParty
Shed.Joseph,TeaParty
Simpson.Benjamin,TeaParty
Slater.Peter,TeaParty
Spear.Thomas,TeaParty
Sprague.Samuel,TeaParty
Spurr.John,TeaParty
Starr.James,TeaParty
Stearns.Phineas,TeaParty
Stevens.Ebenezer,TeaParty
Story.Elisha,TeaParty
Swan.James,TeaParty
Urann.Thomas,TeaParty
Wheeler.Josiah,TeaParty
Williams.Jeremiah,TeaParty
Williams.Thomas,TeaParty
Willis.Nathaniel,TeaParty
Wyeth.Joshua,TeaParty
Young.Thomas,TeaParty
Adams.Samuel,BostonCommittee
Appleton.Nathaniel,BostonCommittee
Barber.Nathaniel,BostonCommittee
Boynton.Richard,BostonCommittee
Bradford.John,BostonCommittee
Church.Benjamin,BostonCommittee
Davis.Caleb,BostonCommittee
Dennie.William,BostonCommittee
Greenleaf.Joseph,BostonCommittee
Greenleaf.William,BostonCommittee
Hill.Alexander,BostonCommittee
Mackay.William,BostonCommittee
Molineux.William,BostonCommittee
Otis.James,BostonCommittee
Pierpont.Robert,BostonCommittee
Powell.William,BostonCommittee
Quincy.Josiah,BostonCommittee
Sweetser.John,BostonCommittee
Warren.Joseph,BostonCommittee
Wendell.Oliver,BostonCommittee
Young.Thomas,BostonCommittee
Adams.Samuel,LondonEnemies
Austin.Benjamin,LondonEnemies
Austin.Samuel,LondonEnemies
Avery.John,LondonEnemies
Baldwin.Cyrus,LondonEnemies
Barber.Nathaniel,LondonEnemies
Barrett.Samuel,LondonEnemies
Bass.Henry,LondonEnemies
Boyer.Peter,LondonEnemies
Boynton.Richard,LondonEnemies
Brackett.Jos,LondonEnemies
Bradford.John,LondonEnemies
Brimmer.Herman,LondonEnemies
Brimmer.Martin,LondonEnemies
Broomfield.Henry,LondonEnemies
Brown.Enoch,LondonEnemies
Brown.John,LondonEnemies
Chase.Thomas,LondonEnemies
Cheever.Ezekiel,LondonEnemies
Church.Benjamin,LondonEnemies
Condy.JamesFoster,LondonEnemies
Davis.Caleb,LondonEnemies
Davis.Edward,LondonEnemies
Davis.William,LondonEnemies
Eayres.Joseph,LondonEnemies
Foster.Bos,LondonEnemies
Gill.Moses,LondonEnemies
Grant.Moses,LondonEnemies
Greenleaf.Joseph,LondonEnemies
Greenleaf.William,LondonEnemies
Greenough.Newn,LondonEnemies
Hancock.Eben,LondonEnemies
Hancock.John,LondonEnemies
Hopkins.Caleb,LondonEnemies
Isaac.Pierce,LondonEnemies
Ivers.James,LondonEnemies
Jarvis.Charles,LondonEnemies
Johnston.Eben,LondonEnemies
Marshall.Thomas,LondonEnemies
Marson.John,LondonEnemies
Mason.Jonathan,LondonEnemies
Noyces.Nat,LondonEnemies
Parkman.Elias,LondonEnemies
Partridge.Sam,LondonEnemies
Phillips.William,LondonEnemies
Pitts.John,LondonEnemies
Pitts.Samuel,LondonEnemies
Powell.William,LondonEnemies
Prince.Job,LondonEnemies
Proctor.Edward,LondonEnemies
Pulling.John,LondonEnemies
Revere.Paul,LondonEnemies
Roylson.Thomas,LondonEnemies
Ruddock.Abiel,LondonEnemies
Vernon.Fortesque,LondonEnemies
Waldo.Benjamin,LondonEnemies
Warren.Joseph,LondonEnemies
Wendell.Oliver,LondonEnemies
Whitwell.Samuel,LondonEnemies
Whitwell.William,LondonEnemies
Williams.Jonathan,LondonEnemies
Winthrop.John,LondonEnemies
